<?xml version="1.0" encoding="UTF-8"?>
<beans xmlns="http://www.springframework.org/schema/beans"
	xmlns:xsi="http://www.w3.org/2001/XMLSchema-instance"
	xmlns:aop="http://www.springframework.org/schema/aop"
	xmlns:context="http://www.springframework.org/schema/context"
	xmlns:tx="http://www.springframework.org/schema/tx"
	xsi:schemaLocation="http://www.springframework.org/schema/beans http://www.springframework.org/schema/beans/spring-beans.xsd
		http://www.springframework.org/schema/context http://www.springframework.org/schema/context/spring-context-4.2.xsd
		http://www.springframework.org/schema/aop http://www.springframework.org/schema/aop/spring-aop-4.1.xsd
		http://www.springframework.org/schema/tx http://www.springframework.org/schema/tx/spring-tx-4.1.xsd">

	<context:component-scan base-package="com.dao"/>
	
	<!-- 整合mybatis -->
	<bean id="sqlSessionFactory" class="org.mybatis.spring.SqlSessionFactoryBean">
		<!-- 加载数据源 -->
		<property name="dataSource" ref="dataSource"/>
		<!-- 添加mapper映射文件 -->
		<property name="mapperLocations" value="classpath:mapper/*.xml"/>
		<!-- 添加mybatis文件 -->
		<property name="configLocation" value="classpath:mybatis-config.xml"/>
		<!-- 开启自动生成别名 -->
		<property name="typeAliasesPackage" value="com.entity"/>
	</bean>
	<!-- 查找类路径下的映射器并自动将它们创建成MapperFactoryBean -->
	<bean class="org.mybatis.spring.mapper.MapperScannerConfigurer">
		<!-- 配的是接口的路径 -->
		<property name="basePackage" value="com.dao"></property>
		<property name="sqlSessionFactoryBeanName" value="sqlSessionFactory"></property>
	</bean>
</beans>
