<?xml version="1.0" encoding="UTF-8"?>
<!DOCTYPE mapper PUBLIC "-//mybatis.org//DTD Mapper 3.0//EN" 
"http://mybatis.org/dtd/mybatis-3-mapper.dtd">

<mapper namespace="com.dao.CourseDao">
	<select id="queryAllCourse" resultMap="resultMapCourse">
		select * from course;
	</select>
	
	<select id="getCourse" parameterType="int" resultMap="resultMapCourse">
		select * from course where c_id=#{id};
	</select>
	
	<resultMap type="Course" id="resultMapCourse">
		<id property="cId" column="c_id"/>
		<result property="name" column="name"/>
	</resultMap>
</mapper>
