<?xml version="1.0" encoding="UTF-8"?>
<!DOCTYPE mapper PUBLIC "-//mybatis.org//DTD Mapper 3.0//EN" 
"http://mybatis.org/dtd/mybatis-3-mapper.dtd">

<mapper namespace="com.dao.StudentDao">
	<select id="getStudent" parameterType="int" resultMap="resultMapStudent">
		select * from student where s_id=#{id};
	</select>
	
	<select id="getStudentByName" resultMap="resultMapStudent">
		select * from student where name=#{name};
	</select>
	
	<select id="queryAllStudent" resultMap="resultMapStudent">
		select * from student ORDER BY s_id;
	</select>
	
	<select id="queryByCid" resultMap="resultMapStudent">
		select * from student where cid=#{cid};
	</select>
	
	<insert id="save" parameterType="StudentVO">
		insert into student(name, password, age, registration, cid)
		 values
		(#{name}, #{password}, #{age}, #{registration},#{cid});
	</insert>
	
	<resultMap type="Student" id="resultMapStudent">
		<id property="sId" column="s_id"/>
		<result property="name" column="name"/>
		<result property="password" column="password"/>
		<result property="age" column="age"/>
		<result property="registration" column="registration"/>
		<association property="course" column="cid" select="getCourse">
		</association>

	</resultMap>
	
	<select id="getCourse" resultType="Course" parameterType="int">
		select c_id cId,name from course where c_id=#{id}
	</select>
	
	<delete id="deleteStu" parameterType="int">
		delete from student where s_id=#{id};
	</delete>
	
	<update id="updateStu">
		update student
		<set>
			<if test="name != null and name != ''">
				name=#{name},
			</if>
			<if test="password != null and password != ''">
				password=#{password},
			</if>
			<if test="age != null and age != ''">
				age=#{age},
			</if>
			<if test="registration != null and registration != ''">
				registration=#{registration},
			</if>
			<if test="course.cId != null and course.cId != ''">
				cid=#{course.cId},
			</if>
		</set>
		where s_id=#{sId}
	</update>
</mapper>